{"score_min": -0.7391838890079282, "score_max": -0.3199836500351059}